Keyword,Title,Subreddit,Author,URL
Agritech,Make sure to re-wet your coco coir before use !ðŸŒ¿,hydroponicway,hydroponicway,https://www.reddit.com/r/hydroponicway/comments/1hagma4/make_sure_to_rewet_your_coco_coir_before_use/
Agritech,Grow room glasses protect your eyes from bright grow lights! ðŸŒŸ,hydroponicway,hydroponicway,https://www.reddit.com/r/hydroponicway/comments/1haayoy/grow_room_glasses_protect_your_eyes_from_bright/
Agritech,Use measuring cups to ensure accurate nutrient amounts! ðŸŒŸ,hydroponicway,hydroponicway,https://www.reddit.com/r/hydroponicway/comments/1ha6u33/use_measuring_cups_to_ensure_accurate_nutrient/
Agritech,Why are we buying expensive PH down products? ,autopotamus,Johnny_Eppelseed,https://www.reddit.com/r/autopotamus/comments/1ha51kv/why_are_we_buying_expensive_ph_down_products/
Agritech,Discover why trimming is crucial for plant health! ðŸŒ¿,hydroponicway,hydroponicway,https://www.reddit.com/r/hydroponicway/comments/1h9up57/discover_why_trimming_is_crucial_for_plant_health/
Agritech,Use scissors or trimmers to manage your plant leaves and fruits! âœ‚ï¸,hydroponicway,hydroponicway,https://www.reddit.com/r/hydroponicway/comments/1h9paii/use_scissors_or_trimmers_to_manage_your_plant/
Agritech,Copper deficiency can lead to weakened plants! ðŸŒ¿,hydroponicway,hydroponicway,https://www.reddit.com/r/hydroponicway/comments/1h9k0h4/copper_deficiency_can_lead_to_weakened_plants/
Agritech,What is your review of company DeHaat? ,StartUpIndia,Rjdfundee,https://www.reddit.com/r/StartUpIndia/comments/1h9gczd/what_is_your_review_of_company_dehaat/
Agritech,Iron deficiency often manifests as interveinal chlorosis in plants! ðŸŒ¿,hydroponicway,hydroponicway,https://www.reddit.com/r/hydroponicway/comments/1h9g3yr/iron_deficiency_often_manifests_as_interveinal/
Agritech,OSM + React project,SaaS,Putrid_Mouse_5296,https://www.reddit.com/r/SaaS/comments/1h9e2ov/osm_react_project/
Smart farming,My mum seems to disregard my depression even though I have been diagnosed.,depression,Mishtro123,https://www.reddit.com/r/depression/comments/1haeumt/my_mum_seems_to_disregard_my_depression_even/
Smart farming,Cottagecore: not just an aesthetic/practical ways of putting slow living practices to action!,cottagecore,amidtheprimalthings,https://www.reddit.com/r/cottagecore/comments/1hadzn6/cottagecore_not_just_an_aestheticpractical_ways/
Smart farming,Why a Bank Barn is the Perfect Addition to Your Property,u_erepresent,erepresent,https://www.reddit.com/r/u_erepresent/comments/1ha9z98/why_a_bank_barn_is_the_perfect_addition_to_your/
Smart farming,Level Up Your League Skills: 10 Proven Tips to Improve and Climb the Ladder,LeagueCoachingGrounds,everlostmagedb,https://www.reddit.com/r/LeagueCoachingGrounds/comments/1ha9x1e/level_up_your_league_skills_10_proven_tips_to/
Smart farming,Master the Rift: 10 Essential Skills to Take Your League Gameplay to the Next Level,LeagueCoachingGrounds,everlostmagedb,https://www.reddit.com/r/LeagueCoachingGrounds/comments/1ha9wjq/master_the_rift_10_essential_skills_to_take_your/
Smart farming,Having issues spreading demacian justice in low tier. Any advice?,GarenMains,Toasti900p,https://www.reddit.com/r/GarenMains/comments/1ha8kct/having_issues_spreading_demacian_justice_in_low/
Smart farming,Occassional errors on disk - Is the drive OK?,unRAID,ayers_81,https://www.reddit.com/r/unRAID/comments/1ha7rgb/occassional_errors_on_disk_is_the_drive_ok/
Smart farming,Sweet justice ,AITAH,News-Fair,https://www.reddit.com/r/AITAH/comments/1ha7jir/sweet_justice/
Smart farming,[Hiring] [Remote] - Tokenomic Developer - Dragon Farm $90K - $117K salary ðŸš€,remotejs,myweb3jobs,https://www.reddit.com/r/remotejs/comments/1ha77hk/hiring_remote_tokenomic_developer_dragon_farm_90k/
Smart farming,You are loved ðŸ¤,Crypto_Kindness,SentenceNo2366,https://www.reddit.com/r/Crypto_Kindness/comments/1ha5wln/you_are_loved/
IoT agriculture,Why do you like this company?,SamsaraIOT,Dementia_,https://www.reddit.com/r/SamsaraIOT/comments/1hah41r/why_do_you_like_this_company/
IoT agriculture,"Nova Wars tie-in, part 40",HFY,Vridiantoast,https://www.reddit.com/r/HFY/comments/1hab7rk/nova_wars_tiein_part_40/
IoT agriculture,Whatâ€™s Trending in Compliance in December 2025,u_officecompliancema,officecompliancema,https://www.reddit.com/r/u_officecompliancema/comments/1ha29uz/whats_trending_in_compliance_in_december_2025/
IoT agriculture,"Examplify/ExamSoft Exam Help - Live Exam Solving Service - Test Takers: GED, GMAT, GRE, CLEP, LSAT, IELTS, PTE, TOEFL, SAT, ACT, TOEIC Test Help | C1 Advanced Exam, Advanced Placement AP Exam Helper | TEAS 7, HESI A2 Proctored Exam Cheating - Pearson VUE Prometric PSI ETS Bypass @Hiraedu.com Reddit!",Entranceexam_Reddit,ericsfrienddave,https://www.reddit.com/r/Entranceexam_Reddit/comments/1h9qm8h/examplifyexamsoft_exam_help_live_exam_solving/
IoT agriculture,Top 10 Recent Telematics Innovations,telematicsinnovations,Sea-Tie-247,https://www.reddit.com/r/telematicsinnovations/comments/1h9l3ih/top_10_recent_telematics_innovations/
IoT agriculture,RCBC: A Traditional Bank in the forefront of Philippine Digital Banking,TradBanksPH,tcp_coredump_475,https://i.redd.it/gocpck0gik5e1.jpeg
IoT agriculture,"Examplify/ExamSoft Exam Help - Live Exam Solving Service - Test Takers: GED, GMAT, GRE, CLEP, LSAT, IELTS, PTE, TOEFL, SAT, ACT, TOEIC Test Help | C1 Advanced Exam, Advanced Placement AP Exam Helper | TEAS 7, HESI A2 Proctored Exam Cheating - Pearson VUE Prometric PSI ETS Bypass @Hiraedu.com Reddit!",mathshelper,DJstyle0888,https://www.reddit.com/r/mathshelper/comments/1h8yyzf/examplifyexamsoft_exam_help_live_exam_solving/
IoT agriculture,"Online Proctored Exam Help | Test Takers: SAT Math PSAT/NMSQT ACT GRE TOEFL LELTS GMAT GED PTE AP College Board Exam - Nursing/Pharmacy/Medical Exam Helper, CLEP HESI A2 TEAS NLN - LSAT Admission Test Help - Prometric Pearson VUE onvue PSI ETS ProctorU Cheating bypass Trick/Hack @Hiraedu.com Reddit!",Licensetest,Ddbrendan,https://www.reddit.com/r/Licensetest/comments/1h8yb0b/online_proctored_exam_help_test_takers_sat_math/
IoT agriculture,Natural Law Economy: An Economic System for Harmony Between Humanity and Nature Part 2,ODCDemocracy,AirOk870,https://www.reddit.com/r/ODCDemocracy/comments/1h8ixye/natural_law_economy_an_economic_system_for/
IoT agriculture,"Online Proctored Test Help - Prometric, Kryterion, Pearson VUE, PSI, ETS, Respondus Lockdown Browser Bypass Trick, Proctorio, ProctorU, ExamSoft, Examplify, Examity, Honorlock, ALEX Cheating Hack - Certification Exam Helper - Licensure Certificate Exam Help - License Test Taker @Hiraedu.com Reddit!!",Entranceexam_Reddit,ericsfrienddave,https://www.reddit.com/r/Entranceexam_Reddit/comments/1h88zcr/online_proctored_test_help_prometric_kryterion/
Precision farming,"US Bets Big on Precision Fermentation, $35M for Alt Chocolate, and First Cultivated Meat Application in Thailand",futurefood,scienceforreal,https://www.reddit.com/r/futurefood/comments/1hacpdl/us_bets_big_on_precision_fermentation_35m_for_alt/
Precision farming,"US Bets Big on Precision Fermentation, $35M for Alt Chocolate, and First Cultivated Meat Application in Thailand",wheresthebeef,scienceforreal,https://www.reddit.com/r/wheresthebeef/comments/1hacpax/us_bets_big_on_precision_fermentation_35m_for_alt/
Precision farming,"US Bets Big on Precision Fermentation, $35M for Alt Chocolate, and First Cultivated Meat Application in Thailand",cultivatedmeat,scienceforreal,https://www.reddit.com/r/cultivatedmeat/comments/1hacp98/us_bets_big_on_precision_fermentation_35m_for_alt/
Precision farming,"US Bets Big on Precision Fermentation, $35M for Alt Chocolate, and First Cultivated Meat Application in Thailand",CellularAgriculture,scienceforreal,https://www.reddit.com/r/CellularAgriculture/comments/1hacp6w/us_bets_big_on_precision_fermentation_35m_for_alt/
Precision farming,"US Bets Big on Precision Fermentation, $35M for Alt Chocolate, and First Cultivated Meat Application in Thailand",betterbioeconomy,scienceforreal,https://www.reddit.com/r/betterbioeconomy/comments/1hacp4v/us_bets_big_on_precision_fermentation_35m_for_alt/
Precision farming,Aka's interview to Shueisha Online â€” Fully Translated,OshiNoKo,BennoSubs,https://www.reddit.com/r/OshiNoKo/comments/1hac94r/akas_interview_to_shueisha_online_fully_translated/
Precision farming,CTD before main menu loads,skyrimmods,Suuty__,https://www.reddit.com/r/skyrimmods/comments/1ha8k07/ctd_before_main_menu_loads/
Precision farming,"Fertilizer Catalyst Market Size, Growth & Statistics Report from 2024 to 2030",u_ReportsStack,ReportsStack,https://www.reddit.com/r/u_ReportsStack/comments/1ha8i3i/fertilizer_catalyst_market_size_growth_statistics/
Precision farming,The War Above The Forgotten Grave,HFY,FarmWhich4275,https://www.reddit.com/r/HFY/comments/1ha5sh2/the_war_above_the_forgotten_grave/
Precision farming,Precision Farming Market Skyrockets to $26.44 Billion by 2031,RFIDNews,Nederland5,https://rfidroundup.blogspot.com/2024/12/precision-farming-market-skyrockets-to.html
Agricultural technology,The country's first LinkedIn Lunatic Assa**in,LinkedInLunatics,naileyes,https://www.reddit.com/r/LinkedInLunatics/comments/1hah4ka/the_countrys_first_linkedin_lunatic_assain/
Agricultural technology,Why do you like this company?,SamsaraIOT,Dementia_,https://www.reddit.com/r/SamsaraIOT/comments/1hah41r/why_do_you_like_this_company/
Agricultural technology,"The visceral rejection of the feudal hierarchy is evidential of an entrenched Marxist ethos in society. Remark how so many people, even right-wingers, see a hierarchy and IMMEDIATELY think ""The ones on the top screw over those below"":feudalism is unjustifiably the archetypical system of this mindset",FeudalismSlander,Derpballz,https://www.reddit.com/r/FeudalismSlander/comments/1hafy7m/the_visceral_rejection_of_the_feudal_hierarchy_is/
Agricultural technology,Seeking visionaries developers & innovators for groundbreaking projects ,BlockchainGame,After_Hornet_325,https://www.reddit.com/r/BlockchainGame/comments/1haepn1/seeking_visionaries_developers_innovators_for/
Agricultural technology,From Whisper Island to Global Dominion By: Yeshua Faith M. Elmido,FictionWriting,Epiccoolkid77Pro,https://www.reddit.com/r/FictionWriting/comments/1had1fb/from_whisper_island_to_global_dominion_by_yeshua/
Agricultural technology,Have you ever been thought as class less because you hail from agriculture sector? ,india,Altruistic-Look101,https://www.reddit.com/r/india/comments/1hab4lb/have_you_ever_been_thought_as_class_less_because/
Agricultural technology,The daily market indicator,Badboyardie,Badboyardie,https://www.reddit.com/r/Badboyardie/comments/1ha8z3r/the_daily_market_indicator/
Agricultural technology,The Morning Market Report,ChartNavigators,Badboyardie,https://www.reddit.com/r/ChartNavigators/comments/1ha8yez/the_morning_market_report/
Agricultural technology,"Fertilizer Catalyst Market Size, Growth & Statistics Report from 2024 to 2030",u_ReportsStack,ReportsStack,https://www.reddit.com/r/u_ReportsStack/comments/1ha8i3i/fertilizer_catalyst_market_size_growth_statistics/
Agricultural technology,"Microalgae Fertilizers Market Size, Key Trends & Projected Growth Report from 2024 to 2030",u_ReportsStack,ReportsStack,https://www.reddit.com/r/u_ReportsStack/comments/1ha84xi/microalgae_fertilizers_market_size_key_trends/
John Deere,Lolla Paris lineup,Lollapalooza,Financial-Section-47,https://i.redd.it/uvfgfj8uru5e1.jpeg
John Deere,Fuel level in CAN-BUS?,CarHacking,The-4CE,https://www.reddit.com/r/CarHacking/comments/1haae0t/fuel_level_in_canbus/
John Deere,ISO paint code for Sabre Green,johndeere,YurAvgDroidGuy,https://www.reddit.com/r/johndeere/comments/1ha95ps/iso_paint_code_for_sabre_green/
John Deere,Self Leveling Combines For FS22,farmingsimulator,pprasanta1999,https://www.reddit.com/r/farmingsimulator/comments/1ha7v6m/self_leveling_combines_for_fs22/
John Deere,John Deere 750L LGP Bulldozer â€“ Power and Precision!,u_heavyequipmentguy,heavyequipmentguy,https://www.youtube.com/watch?v=j07FKlIPVqw
John Deere,Larger Plows?,farmingsimulator,DreadAxis,https://www.reddit.com/r/farmingsimulator/comments/1ha6ham/larger_plows/
John Deere,"Social Credit Party Rise (Part 2 (Part 3), Out of the woods, into the wood-chipper 1970-1979)",imaginaryelections,Ok-Ride-6359,https://www.reddit.com/gallery/1ha0rh2
John Deere,"Great start, and great setup",farmingsimulator,graboidgunlover,https://i.redd.it/eph40ynrjq5e1.png
John Deere,Gasoline quality,SubaruForester,cunaylqt,https://www.reddit.com/r/SubaruForester/comments/1h9rz6x/gasoline_quality/
John Deere,A little sunshine for the John Deere  110. ,lawnmowers,Lanky_Promotion8976,https://www.reddit.com/gallery/1h9qeqk
Monsanto,"Glyphosate is known to disrupt gut biomes. Attached is (The Gut-Brain Axis: Influence of Microbiota on Mood and Mental Health), monsanto/bayer continue to proliferate the use of glyphosate to the detriment of the general population.",conspiracy,cspanbook,https://cdn.ncbi.nlm.nih.gov/pmc/blobs/a46a/9145961/5bf5316a525f/life-12-00707-g001.jpg
Monsanto,December Roundup Lawsuit Updates,u_tsegmarketing,tsegmarketing,https://www.reddit.com/r/u_tsegmarketing/comments/1habzuz/december_roundup_lawsuit_updates/
Monsanto,Les dirigeants / cadre d'entreprises devraient pouvoir Ãªtre poursuivi au pÃ©nal et faire de la prison au mÃªme titre qu'une personne physique qui commet un dÃ©lit / crime. ,opinionnonpopulaire,Ozinuka,https://www.reddit.com/r/opinionnonpopulaire/comments/1ha97gh/les_dirigeants_cadre_dentreprises_devraient/
Monsanto,Homework 12/8-12/14: Write your favorite CEO,antiwork,keynoko,https://www.reddit.com/r/antiwork/comments/1ha4ijb/homework_1281214_write_your_favorite_ceo/
Monsanto,Pairing question,wine,SomewhereFinancial20,https://www.reddit.com/r/wine/comments/1h85r8l/pairing_question/
Monsanto,Plastic Makers Have A Big Secret: Theyâ€™re Experimenting On You,u_Ready_Mushroom4892,Ready_Mushroom4892,https://youtube.com/watch?v=HuBEr9DjSxA&si=xLhLwWtob3VPUBL9
Monsanto,Judge Overturns USDA Rule on Unregulated GMO (Genetically Engineered) Plants - â€œUSDA tried to hand over its job to Monsanto and the pesticide industry.â€,Monsanto,HenryCorp,https://www.agriculture.com/judge-overturns-usda-rule-on-genetically-engineered-plants-8755002
Monsanto,Judge Overturns USDA Rule on GMO (Genetically Engineered) Plants - â€œUSDA tried to hand over its job to Monsanto and the pesticide industry.â€,GMOfaiL,IheartGMO,https://www.agriculture.com/judge-overturns-usda-rule-on-genetically-engineered-plants-8755002
Monsanto,[OC] It's undeniably the best weapon.,comics,Haelita,https://www.reddit.com/gallery/1h7mo10
Monsanto,"AMIA, Antonini Wilson, Boudou, Cavallo, CFK, ClarÃ­n, De Vido, Duhalde, HezbolÃ¡, IrÃ¡n, JoaquÃ­n (Morales SolÃ¡), Lanata, Macri, Massa, Menem, Monsanto, Montoto, NÃ©stor, Piqueteros, Randazzo, RodrÃ­guez Saa, Sanz (Ernesto), Tinelli, YabrÃ¡n, Zanini",RepublicaArgentina,Salt-University-2633,https://www.diariocontexto.com.ar/gracias-assange-por-ayudar-a-argentina/
BASF,How do I view/digitise these tapes? ,camcorders,BulkyAlps,https://i.redd.it/kr39czmy2v5e1.png
BASF,Creality K1 Max with Basf PET-CF ,Creality,coalico7,https://www.reddit.com/gallery/1habyx3
BASF,"Microalgae Fertilizers Market Size, Key Trends & Projected Growth Report from 2024 to 2030",u_ReportsStack,ReportsStack,https://www.reddit.com/r/u_ReportsStack/comments/1ha84xi/microalgae_fertilizers_market_size_key_trends/
BASF,æ­æ´²åœ°å€æ¯›åˆ©åˆ—è¡¨,ItsMySub_0_,this0great,https://www.reddit.com/r/ItsMySub_0_/comments/1ha772q/æ­æ´²åœ°å€æ¯›åˆ©åˆ—è¡¨/
BASF,Europe Automotive Adhesives Market is Dazzling Worldwide and Forecast to 2030 ,Nim2908,TerribleSell2997,https://www.reddit.com/r/Nim2908/comments/1ha4aat/europe_automotive_adhesives_market_is_dazzling/
BASF,Can someone tell me more about this cassette brands? Never heard of them,cassetteculture,Hak-23,https://i.redd.it/ilgcmz713p5e1.jpeg
BASF,Viking Ultra 2.0 Schneestiefel Test,HaschesAbenteuer,haschesabenteuer,https://www.reddit.com/r/HaschesAbenteuer/comments/1h9f58j/viking_ultra_20_schneestiefel_test/
BASF,Viking Ultra 2.0 Schneestiefel Test,Gummistiefel,haschesabenteuer,https://www.reddit.com/r/Gummistiefel/comments/1h9f58c/viking_ultra_20_schneestiefel_test/
BASF,Nazi get noted part 852,GetNoted,Darth_Vrandon,https://www.reddit.com/gallery/1h92em8
BASF,Missed out because i was waiting for the crash. Time for wheeling? ,options,Prize_Preparation381,https://www.reddit.com/r/options/comments/1h8shi8/missed_out_because_i_was_waiting_for_the_crash/
Trimble,Buy Signal Trimble Inc - 9 Dec 2024 @ 12:32 -> USD74.08,getagraph,jvc72,https://www.reddit.com/r/getagraph/comments/1haf92e/buy_signal_trimble_inc_9_dec_2024_1232_usd7408/
Trimble,Battery Re-Cell and 3d printing,Surveying,MillKlondike,https://www.reddit.com/r/Surveying/comments/1haa4l7/battery_recell_and_3d_printing/
Trimble,"Did i just miss out on a $20,000 flip? First edition Harry Potter book",Flipping,blackzarak,https://www.reddit.com/gallery/1ha6y2p
Trimble,Trinble TSC3 connection issue with Topcon Total Station,Surveying,TargetAdventurous635,https://www.reddit.com/r/Surveying/comments/1ha25k9/trinble_tsc3_connection_issue_with_topcon_total/
Trimble,Pix4Dmatic - pix4Dsurvey- Trimble Business Center workflow,UAVmapping,Friendly_Theory_9432,https://www.reddit.com/r/UAVmapping/comments/1h9i02m/pix4dmatic_pix4dsurvey_trimble_business_center/
Trimble,What offense do we run again? ,UNCBasketball,CarpenterFamous558,https://www.reddit.com/r/UNCBasketball/comments/1h90cdu/what_offense_do_we_run_again/
Trimble,Trimble R980 Vs R12i,Surveying,Nc_PinCushion,https://www.reddit.com/r/Surveying/comments/1h8dfyw/trimble_r980_vs_r12i/
Trimble,Transportation Management System Market is Dazzling Worldwide and Forecast to 2030 ,Nim2908,TerribleSell2997,https://www.reddit.com/r/Nim2908/comments/1h7tw1p/transportation_management_system_market_is/
Trimble,OFFICIAL G FORCE KITCHENS NO TALK COOKING SHOW PREMIERE AD | TUNA & NOODLES | NARRATED BY GARY TRIMBLE,u_convergencezonetv,convergencezonetv,https://v.redd.it/y181l61iq45e1
Trimble,Anybody Using Polycam? ,architecture,rktek85,https://www.reddit.com/r/architecture/comments/1h7pgqp/anybody_using_polycam/
Smart farming in Tunisia,"ðŸ‡ºðŸ‡¸ IPTV USA, ðŸ‡¦ðŸ‡º IPTV Australia, ðŸ‡³ðŸ‡´ IPTV Norway, ðŸ‡¸ðŸ‡ª IPTV Sweden, and ðŸ‡©ðŸ‡° IPTV Denmark,ðŸ‡¬ðŸ‡§ IPTV UK, ðŸ‡®ðŸ‡ª IPTV Ireland, IPTV subscription, best iptv, Buy IPTV, Reliable IPTV , IPTV Portugal IPTV Germany, ðŸ‡¨ðŸ‡­ IPTV Switzerland, ðŸ‡¦ðŸ‡¹ IPTV Austria, best iptv, reliable iptv, IPTV Canada",gogoprovider,dixandcream,https://www.reddit.com/r/gogoprovider/comments/1hag3fj/iptv_usa_iptv_australia_iptv_norway_iptv_sweden/
Smart farming in Tunisia,"ðŸ‡ºðŸ‡¸ IPTV USA, ðŸ‡¦ðŸ‡º IPTV Australia, ðŸ‡³ðŸ‡´ IPTV Norway, ðŸ‡¸ðŸ‡ª IPTV Sweden, and ðŸ‡©ðŸ‡° IPTV Denmark,ðŸ‡¬ðŸ‡§ IPTV UK, ðŸ‡®ðŸ‡ª IPTV Ireland, IPTV subscription, best iptv, Buy IPTV, Reliable IPTV , IPTV Portugal IPTV Germany, ðŸ‡¨ðŸ‡­ IPTV Switzerland, ðŸ‡¦ðŸ‡¹ IPTV Austria, best iptv, reliable iptv, IPTV Canada ",hellooworld,themargielamadman,https://www.reddit.com/r/hellooworld/comments/1hafuhx/iptv_usa_iptv_australia_iptv_norway_iptv_sweden/
Smart farming in Tunisia,My mum seems to disregard my depression even though I have been diagnosed.,depression,Mishtro123,https://www.reddit.com/r/depression/comments/1haeumt/my_mum_seems_to_disregard_my_depression_even/
Smart farming in Tunisia,Cottagecore: not just an aesthetic/practical ways of putting slow living practices to action!,cottagecore,amidtheprimalthings,https://www.reddit.com/r/cottagecore/comments/1hadzn6/cottagecore_not_just_an_aestheticpractical_ways/
Smart farming in Tunisia,Why a Bank Barn is the Perfect Addition to Your Property,u_erepresent,erepresent,https://www.reddit.com/r/u_erepresent/comments/1ha9z98/why_a_bank_barn_is_the_perfect_addition_to_your/
Smart farming in Tunisia,Level Up Your League Skills: 10 Proven Tips to Improve and Climb the Ladder,LeagueCoachingGrounds,everlostmagedb,https://www.reddit.com/r/LeagueCoachingGrounds/comments/1ha9x1e/level_up_your_league_skills_10_proven_tips_to/
Smart farming in Tunisia,Master the Rift: 10 Essential Skills to Take Your League Gameplay to the Next Level,LeagueCoachingGrounds,everlostmagedb,https://www.reddit.com/r/LeagueCoachingGrounds/comments/1ha9wjq/master_the_rift_10_essential_skills_to_take_your/
Smart farming in Tunisia,Having issues spreading demacian justice in low tier. Any advice?,GarenMains,Toasti900p,https://www.reddit.com/r/GarenMains/comments/1ha8kct/having_issues_spreading_demacian_justice_in_low/
Smart farming in Tunisia,Occassional errors on disk - Is the drive OK?,unRAID,ayers_81,https://www.reddit.com/r/unRAID/comments/1ha7rgb/occassional_errors_on_disk_is_the_drive_ok/
Smart farming in Tunisia,Sweet justice ,AITAH,News-Fair,https://www.reddit.com/r/AITAH/comments/1ha7jir/sweet_justice/
