competitor,mention_time,platform,title,url
John Deere,2024-11-19 04:26:24,Reddit,John Deere is costing American farmers $4.2 billion a year by restricting them from fixing their own tractors.,https://www.reddit.com/r/videos/comments/1guoxe8/john_deere_is_costing_american_farmers_42_billion/
John Deere,2024-08-06 17:00:37,Reddit,Is anyone else outraged that John Deere is firing Iowa employees and shipping jobs to Mexico?,https://www.reddit.com/r/johndeere/comments/1eln22b/is_anyone_else_outraged_that_john_deere_is_firing/
John Deere,2024-07-01 05:18:47,Reddit,John Deere announces mass layoffs in Midwest amid production shift to Mexico,https://www.reddit.com/r/technology/comments/1dsl3zj/john_deere_announces_mass_layoffs_in_midwest_amid/
John Deere,2024-12-03 19:49:30,Reddit,John Deere to lay off more than 100 workers at Waterloo plant,https://www.reddit.com/r/Iowa/comments/1h5wa5l/john_deere_to_lay_off_more_than_100_workers_at/
John Deere,2024-11-09 03:46:53,Reddit,New tariffs coming for John Deere,https://www.reddit.com/r/johndeere/comments/1gn1c9w/new_tariffs_coming_for_john_deere/
John Deere,2024-08-30 13:19:51,Reddit,Just got the Peg John Deere Gator XUV550. How to upgrade the tires?,https://www.reddit.com/r/PowerWheelsMods/comments/1f4v2oi/just_got_the_peg_john_deere_gator_xuv550_how_to/
John Deere,2024-07-24 16:41:01,Reddit,I was let go this morning ,https://www.reddit.com/r/johndeere/comments/1eb62te/i_was_let_go_this_morning/
John Deere,2021-12-08 08:03:23,Reddit,What's with all the John Deere love?,https://www.reddit.com/r/farmingsimulator/comments/rbm9ns/whats_with_all_the_john_deere_love/
John Deere,2019-12-21 12:02:34,Reddit,Why are a lot of people so enamored with John Deere? Personally I do not see the point. You can get more powerful and better-equiped tractors for the same money,https://www.reddit.com/r/farmingsimulator/comments/edp6h7/why_are_a_lot_of_people_so_enamored_with_john/
John Deere,2024-09-24 19:25:31,Reddit,Trump threatens to triple cost of John Deere tractors during event with farmers,https://www.reddit.com/r/wisconsin/comments/1fokzvd/trump_threatens_to_triple_cost_of_john_deere/
Case IH,2024-07-09 19:14:04,Reddit,What do you think itâ€™s worth?-2018 case ih 105c,https://www.reddit.com/r/tractors/comments/1dzattn/what_do_you_think_its_worth2018_case_ih_105c/
Case IH,2024-08-02 05:17:21,Reddit,Intel has denied two of my 14900K RMAs (instability) and stated they will confiscate or destroy them if I proceed with the warranty process.,https://www.reddit.com/r/hardware/comments/1ei1zvm/intel_has_denied_two_of_my_14900k_rmas/
Case IH,2021-09-19 18:12:38,Reddit,CASE IH AUTONOMOUS CONCEPT TRACTOR,https://www.reddit.com/r/WeirdWheels/comments/prd75z/case_ih_autonomous_concept_tractor/
Case IH,2024-11-19 10:27:21,Reddit,My 17 year old soul cat died and I have to put this experience somewhere or it will eat me up from the inside out,https://www.reddit.com/r/seniorkitties/comments/1guu4m3/my_17_year_old_soul_cat_died_and_i_have_to_put/
Case IH,2023-12-04 01:50:41,Reddit,Antisemitic dogwhistle in Internet Historian video,https://www.reddit.com/r/youtubedrama/comments/18a9do7/antisemitic_dogwhistle_in_internet_historian_video/
Case IH,2024-10-17 09:10:06,Reddit,CaseIH teaser for FS25,https://www.reddit.com/r/farmingsimulator/comments/1g5mnwc/caseih_teaser_for_fs25/
Case IH,2020-07-01 18:22:45,Reddit,Summary of sexual and non-sexual allegations Megathread,https://www.reddit.com/r/smashbros/comments/hjfv0y/summary_of_sexual_and_nonsexual_allegations/
Case IH,2024-07-17 15:19:53,Reddit,"7.8hrs RL, 42 in game hrs, 1 Case IH harvester, 124.34 acres, 158K liters of cotton...I'm tired, grandpa!",https://www.reddit.com/r/farmingsimulator/comments/1e5kucc/78hrs_rl_42_in_game_hrs_1_case_ih_harvester_12434/
Case IH,2024-04-24 06:43:12,Reddit,Is it morally wrong to use a Case IH header on a John Deere harvester?,https://www.reddit.com/r/farmingsimulator/comments/1cbrlls/is_it_morally_wrong_to_use_a_case_ih_header_on_a/
Case IH,2023-12-21 18:00:34,Reddit,Steam 2023 Winter Sale Megathread,https://www.reddit.com/r/Steam/comments/18nt100/steam_2023_winter_sale_megathread/
Claas,2024-11-10 13:04:35,Reddit,"Gonna miss Claas as my ""has (almost) everything"" brand",https://www.reddit.com/r/farmingsimulator/comments/1go083b/gonna_miss_claas_as_my_has_almost_everything_brand/
Claas,2024-05-05 14:59:56,Reddit,Claas Xerion 5000 vs JD 9RX,https://www.reddit.com/r/farmingsimulator/comments/1ckt63c/claas_xerion_5000_vs_jd_9rx/
Claas,2024-04-14 16:29:58,Reddit,Claas fans ,https://www.reddit.com/r/farmingsimulator/comments/1c3xkzg/claas_fans/
Claas,2024-05-11 21:03:19,Reddit,Guy from my Claas use my picture on his Steam profile ,https://www.reddit.com/r/Steam/comments/1cpr5mt/guy_from_my_claas_use_my_picture_on_his_steam/
Claas,2019-11-10 13:10:23,Reddit,Driving your Claas tractor into the sea in not recommended,https://www.reddit.com/r/Justrolledintotheshop/comments/dub8ju/driving_your_claas_tractor_into_the_sea_in_not/
Claas,2022-12-08 16:05:35,Reddit,"Tlingit woman named Kaw-Claa wearing her potlatch dancing costume, Alaska, 1906. [416Ã—512]",https://www.reddit.com/r/HistoryPorn/comments/zg35g5/tlingit_woman_named_kawclaa_wearing_her_potlatch/
Claas,2022-06-04 02:21:36,Reddit,"Alaskan indigenous Tlingit woman named Kaw-Claa, wearing her potlatch dancing costume, Alaska, 1906.",https://www.reddit.com/r/TheWayWeWere/comments/v4f02m/alaskan_indigenous_tlingit_woman_named_kawclaa/
Claas,2024-10-30 13:30:54,Reddit,Leave your kids at home ,https://www.reddit.com/r/samsclub/comments/1gfmkqh/leave_your_kids_at_home/
Claas,2024-07-23 00:40:16,Reddit,What are yalls favorite Tractor in ls22 or ls 19 mine is the Claas Xerion 5000,https://www.reddit.com/r/farmingsimulator/comments/1e9ufcv/what_are_yalls_favorite_tractor_in_ls22_or_ls_19/
Claas,2024-06-06 17:06:54,Reddit,I'm a Claas Fanboy.,https://www.reddit.com/r/farmingsimulator/comments/1d9nb0v/im_a_claas_fanboy/
Kubota,2024-07-15 20:39:01,Reddit,Are Kubota tractors really that good?,https://www.reddit.com/r/tractors/comments/1e45jfu/are_kubota_tractors_really_that_good/
Kubota,2024-05-02 22:24:52,Reddit,[Kubota B3350] Consider it or run away like the plague? ,https://www.reddit.com/r/tractors/comments/1cispb9/kubota_b3350_consider_it_or_run_away_like_the/
Kubota,2024-07-20 16:21:14,Reddit,John Deere vs Kubota vs Massey Ferguson ,https://www.reddit.com/r/tractors/comments/1e7ze7o/john_deere_vs_kubota_vs_massey_ferguson/
Kubota,2024-08-20 14:30:18,Reddit,Kubota saved us.,https://www.reddit.com/r/kubota/comments/1ewx2i0/kubota_saved_us/
Kubota,2024-02-10 01:09:37,Reddit,John deere or Kubota?,https://www.reddit.com/r/tractors/comments/1an436h/john_deere_or_kubota/
Kubota,2024-08-06 00:17:24,Reddit,Cub cadet vs kubota ,https://www.reddit.com/r/ZeroTurnMowers/comments/1el3omt/cub_cadet_vs_kubota/
Kubota,2024-11-06 18:28:14,Reddit,Track Loaders - Should I Buy: Kubota SVL75-3HWC or CAT 255? Why?,https://www.reddit.com/r/heavyequipment/comments/1gl5cf6/track_loaders_should_i_buy_kubota_svl753hwc_or/
Kubota,2024-04-11 02:15:01,Reddit,Anyone bought a Kubota Dealership before?,https://www.reddit.com/r/kubota/comments/1c13kzh/anyone_bought_a_kubota_dealership_before/
Kubota,2024-01-28 19:17:20,Reddit,How Bad Did I Mess It UP,https://www.reddit.com/r/kubota/comments/1adai5g/how_bad_did_i_mess_it_up/
Kubota,2024-09-27 23:30:06,Reddit,"Race Thread: NCTS Kubota Tractor 200 at Kansas Speedway, starting at 8:30pm EDT on FS1 (NCTS19)",https://www.reddit.com/r/NASCAR/comments/1fr14vp/race_thread_ncts_kubota_tractor_200_at_kansas/
AG Leader,2024-06-03 23:42:01,Reddit,AGS western Lost Ark franchise leader Soomin Park leaves AGS,https://www.reddit.com/r/lostarkgame/comments/1d7j437/ags_western_lost_ark_franchise_leader_soomin_park/
AG Leader,2018-01-10 20:00:51,Reddit,"FBI Director Wray and Deputy AG Rosenstein met with Intel Committee leaders, NBC News reports",https://www.reddit.com/r/politics/comments/7pi8s4/fbi_director_wray_and_deputy_ag_rosenstein_met/
AG Leader,2023-09-30 13:03:41,Reddit,"Utah AG knew about nonprofit psychic paid to speak with 'dead Mormon leaders,' Tribune reports",https://www.reddit.com/r/politics/comments/16w6bme/utah_ag_knew_about_nonprofit_psychic_paid_to/
AG Leader,2024-01-28 18:50:25,Reddit,Texas GOP candidate accused of supplying young men for Baptist leader Paul Pressler to abuse. | Recently unearthed email from 2017 shedding new light on the role a prominent lawyer running for the Texas State House with support of AG Ken Paxton | Lawsuit previously settled for undisclosed amount.,https://www.reddit.com/r/law/comments/1ad9u92/texas_gop_candidate_accused_of_supplying_young/
AG Leader,2024-11-20 21:01:13,Reddit,I foresee a future loss of rights,https://www.reddit.com/r/TwoXChromosomes/comments/1gvzj4x/i_foresee_a_future_loss_of_rights/
AG Leader,2024-10-30 00:24:41,Reddit,The 47th President of the United States of America ,https://www.reddit.com/r/KamalaHarris/comments/1gf9wv0/the_47th_president_of_the_united_states_of_america/
AG Leader,2022-07-18 17:50:26,Reddit,I believe there's going to be an exodus of educated workers from Texas in 1-2 years,https://www.reddit.com/r/texas/comments/w25kf9/i_believe_theres_going_to_be_an_exodus_of/
AG Leader,2021-12-29 16:27:27,Reddit,Kazakhstan completely abolishes death penalty,https://www.reddit.com/r/worldnews/comments/rrc1pc/kazakhstan_completely_abolishes_death_penalty/
AG Leader,2020-01-10 13:04:41,Reddit,"NYC bar association sends letter to Congressional leaders saying AG Barr's conduct ""threatens public confidence in fair administration of justice""",https://www.reddit.com/r/politics/comments/emqnpt/nyc_bar_association_sends_letter_to_congressional/
AG Leader,2021-08-03 16:23:22,Reddit,"Megathread: New York AG Says Gov. Cuomo Sexually Harassed Multiple Women, Broke Laws",https://www.reddit.com/r/politics/comments/ox6z6z/megathread_new_york_ag_says_gov_cuomo_sexually/
Trimble,2024-02-25 03:48:43,Reddit,Trimble Realworks training / tutoring,https://www.reddit.com/r/3DScanning/comments/1azeajh/trimble_realworks_training_tutoring/
Trimble,2024-10-01 01:08:16,Reddit,How reputable is Trimble ,https://www.reddit.com/r/cscareerquestionsOCE/comments/1ftby3t/how_reputable_is_trimble/
Trimble,2024-05-10 08:12:44,Reddit,What's the deal with Trimble?,https://www.reddit.com/r/Surveying/comments/1cokdki/whats_the_deal_with_trimble/
Trimble,2024-04-11 10:52:33,Reddit,Has anyone ever worked for Trimble?,https://www.reddit.com/r/Surveying/comments/1c1c2lx/has_anyone_ever_worked_for_trimble/
Trimble,2024-07-10 17:26:00,Reddit,Trimble Inc. job positionâ€¦ Is this real???,https://www.reddit.com/r/jobs/comments/1e01j62/trimble_inc_job_position_is_this_real/
Trimble,2024-01-23 19:00:20,Reddit,Why google? Why did u have to sell it to trimble?,https://www.reddit.com/r/Sketchup/comments/19dvy5u/why_google_why_did_u_have_to_sell_it_to_trimble/
Trimble,2024-09-02 17:27:08,Reddit,Trimble equipment for sale cheap need help,https://www.reddit.com/r/Surveying/comments/1f7ci8x/trimble_equipment_for_sale_cheap_need_help/
Trimble,2024-09-14 13:16:25,Reddit,Trimble sucks for underground.,https://www.reddit.com/r/Plumbing/comments/1fglthk/trimble_sucks_for_underground/
Trimble,2024-11-12 03:10:55,Reddit,"Procore is gorgeous, BUT...",https://www.reddit.com/r/ConstructionManagers/comments/1gpb6ml/procore_is_gorgeous_but/
Trimble,2022-07-09 17:46:36,Reddit,I'm just going to say it: Fuck Trimble.,https://www.reddit.com/r/Sketchup/comments/vv70ql/im_just_going_to_say_it_fuck_trimble/
Bayer CropScience,2024-11-04 21:07:19,Reddit,Bayer (Crop Science): Preceon Smart Corn System,https://www.reddit.com/r/Agriculture/comments/1gjpanq/bayer_crop_science_preceon_smart_corn_system/
Bayer CropScience,2024-11-14 07:59:51,Reddit,Bayer Crop Science Segment,https://www.reddit.com/r/ValueInvesting/comments/1gqzygr/bayer_crop_science_segment/
Bayer CropScience,2024-11-24 04:51:37,Reddit,"Dividend Alert: Key Stocks to Watch This Week! ðŸ’° Gillette India offers â‚¹45/share, Bayer CropScience at â‚¹90, and more. Ex-dividend trading starts Nov 25-29. Bonus issues &amp; EGMs also lined up. #DividendStocks #finticks Which stocks are are you holding ? ðŸ‘‡",https://www.reddit.com/r/sharemarketmalayalam/comments/1gyj3hf/dividend_alert_key_stocks_to_watch_this_week/
Bayer CropScience,2024-11-04 21:08:22,Reddit,Bayer (Crop Science): Preceon Smart Corn System,https://www.reddit.com/r/AgriTech/comments/1gjpbl6/bayer_crop_science_preceon_smart_corn_system/
Bayer CropScience,2024-11-12 12:28:25,Reddit,Bayerâ€™s stock slumps after warning on crop-sciences unit,https://www.reddit.com/r/StonkFeed/comments/1gpjkw0/bayers_stock_slumps_after_warning_on_cropsciences/
Bayer CropScience,2024-11-07 12:58:45,Reddit,Bayer Crop Science,https://www.reddit.com/r/biotech_stocks/comments/1glptx5/bayer_crop_science/
Bayer CropScience,2024-11-07 12:58:54,Reddit,Bayer Crop Science,https://www.reddit.com/r/biotechnologynews/comments/1glpu0a/bayer_crop_science/
Bayer CropScience,2024-11-07 12:51:30,Reddit,Bayer Crop Science,https://www.reddit.com/r/marketsphere/comments/1glpozt/bayer_crop_science/
Bayer CropScience,2024-11-05 14:29:54,Reddit,Bayer Crop Science segment,https://www.reddit.com/r/FinancialAnalyst/comments/1gk7z7f/bayer_crop_science_segment/
Bayer CropScience,2024-10-06 15:45:29,Reddit,ðŸ“¢ Bayer is hiring a Software Engineering Lead - Digital Solutions LATAM / Crop Science / SÃ£o Paulo - SP!,https://www.reddit.com/r/jobboardsearch/comments/1fxjgk1/bayer_is_hiring_a_software_engineering_lead/
weeFARM,2024-11-12 11:47:02,Reddit,This 7 week old feral princess showed up on our farm. ,https://www.reddit.com/r/kittens/comments/1gpivum/this_7_week_old_feral_princess_showed_up_on_our/
weeFARM,2023-11-18 17:39:18,Reddit,Found Bill of sale on 1919 Model T,https://www.reddit.com/r/mildlyinteresting/comments/17yblio/found_bill_of_sale_on_1919_model_t/
weeFARM,2022-01-05 15:55:53,Reddit,Who would win? Vader in my opinion,https://www.reddit.com/r/StarWars/comments/rwq0us/who_would_win_vader_in_my_opinion/
weeFARM,2023-12-04 14:58:34,Reddit,Wouldnâ€™t wish this on anyone ,https://www.reddit.com/r/sadposting/comments/18aly75/wouldnt_wish_this_on_anyone/
weeFARM,2023-05-15 12:34:19,Reddit,Would you expect rice?,https://www.reddit.com/r/CasualUK/comments/13i6z9l/would_you_expect_rice/
weeFARM,2020-10-10 22:41:38,Reddit,[Serious] What is a little known fact that can save you from a life-threatening situation?,https://www.reddit.com/r/AskReddit/comments/j8ty5r/serious_what_is_a_little_known_fact_that_can_save/
weeFARM,2022-05-06 07:00:11,Reddit,| $GME Daily Discussion | New to the sub? Start here!,https://www.reddit.com/r/Superstonk/comments/ujhn46/gme_daily_discussion_new_to_the_sub_start_here/
weeFARM,2021-01-14 19:02:05,Reddit,It's basically my wedding!,https://www.reddit.com/r/entitledparents/comments/kxc7y5/its_basically_my_wedding/
weeFARM,2024-08-01 14:18:19,Reddit,So you got Zhu Yuan,https://www.reddit.com/r/ZZZ_Official/comments/1ehhu8k/so_you_got_zhu_yuan/
weeFARM,2021-09-13 07:19:17,Reddit,"Ah yes, my wee- carbon farm is coming along nicely.",https://www.reddit.com/r/NoMansSkyTheGame/comments/pnalr8/ah_yes_my_wee_carbon_farm_is_coming_along_nicely/
SmartFarm,2020-10-23 16:07:43,Reddit,That's smart! - Sugar Cane farm,https://www.reddit.com/r/Minecraft/comments/jgq1fw/thats_smart_sugar_cane_farm/
SmartFarm,2021-12-24 18:16:07,Reddit,I'm starting to get the feeling i'm not smart enough to comfortable do this crap. Trying to setup a farm for use with abigail.,https://www.reddit.com/r/Terraria/comments/rnrq2f/im_starting_to_get_the_feeling_im_not_smart/
SmartFarm,2024-08-12 12:31:12,Reddit,Farming for both Yinlin and Changli at the same time. I thought I was being smart,https://www.reddit.com/r/WutheringWaves/comments/1eqcgl8/farming_for_both_yinlin_and_changli_at_the_same/
SmartFarm,2024-10-03 16:59:15,Reddit,â€˜I said my dog isnâ€™t friendlyâ€™,https://www.reddit.com/r/mildlyinfuriating/comments/1fvci6x/i_said_my_dog_isnt_friendly/
SmartFarm,2024-11-13 05:01:01,Reddit,"My [31M] girlfriend [29F] has a locked room in her house, I don't know what is in it",https://www.reddit.com/r/BestofRedditorUpdates/comments/1gq5bzz/my_31m_girlfriend_29f_has_a_locked_room_in_her/
SmartFarm,2024-12-09 13:18:54,Reddit,"""As a DACA recipient..."" sure. ",https://www.reddit.com/r/LeopardsAteMyFace/comments/1ha9iyh/as_a_daca_recipient_sure/
SmartFarm,2024-02-08 10:43:44,Reddit,A seafood firm wants to farm octopus. Activists say they're too smart for that,https://www.reddit.com/r/nature/comments/1alsxta/a_seafood_firm_wants_to_farm_octopus_activists/
SmartFarm,2024-11-01 19:21:50,Reddit,"Poland has begun construction of a defensive line along its border with Russia
",https://www.reddit.com/r/worldnews/comments/1ghdk13/poland_has_begun_construction_of_a_defensive_line/
SmartFarm,2024-09-18 15:48:16,Reddit,He loves his fans more than money,https://www.reddit.com/r/MadeMeSmile/comments/1fjw3lm/he_loves_his_fans_more_than_money/
SmartFarm,2024-01-26 18:50:04,Reddit,"Ai is dangerous, not because its smart, but because people are stupid. This page is filled with Ai pictures and passing them off as real to farm likes and interactions",https://www.reddit.com/r/mildlyinfuriating/comments/1abpqan/ai_is_dangerous_not_because_its_smart_but_because/
